Payments,Prices,Salary,Weight,Sugar_Levels,Taxes,Fruits,Colors,Animals
52.0,459.0,,8.876739410776846,357.78811084841345,654.4779950340763,banana,red,cat
93.0,487.0,657.0,96.16657359548132,427.919121993891,566.3222888004766,apple,red,
15.0,283.0,538.0,63.49600455910331,233.3629288636442,,banana,red,bird
72.0,380.0,914.0,,393.22047594399737,502.67308042718224,apple,green,dog
61.0,294.0,581.0,17.047793817391753,311.43124388887884,969.206871929072,banana,green,cat
21.0,451.0,855.0,40.94778530052039,417.3576057221391,707.4075596944735,banana,,bird
83.0,294.0,757.0,42.26891133961895,496.21841310805337,,cherry,blue,bird
87.0,254.0,705.0,82.18064439010868,180.2604069615045,695.2968037908911,cherry,red,dog
75.0,192.0,576.0,0.12366797594094425,497.85945662399917,534.6641651938824,apple,red,dog
75.0,259.0,976.0,30.085310835325508,135.9248617131096,819.1611198959133,banana,green,dog
88.0,160.0,511.0,98.12363743443039,100.92701916192554,866.5018098141767,apple,blue,dog
24.0,221.0,794.0,47.488654350621864,117.6647744711325,838.0626987941451,cherry,red,dog
3.0,150.0,,38.25262802440083,236.71296189470468,569.2177466646972,apple,green,cat
22.0,376.0,723.0,11.982900201764634,353.16253227137366,789.4200840177963,apple,red,bird
53.0,104.0,512.0,97.41646286280155,127.61181635513985,784.7422420861269,cherry,red,cat
2.0,191.0,545.0,2.002635592582447,102.2663258118269,,banana,green,cat
88.0,269.0,,73.71802250072432,474.8364113835179,689.5638291878236,apple,green,
30.0,416.0,612.0,76.85998047885084,428.77065437597184,685.7429718297171,cherry,red,cat
38.0,,732.0,24.365671606386663,423.6732684556124,809.2635293590928,,red,cat
2.0,425.0,516.0,,453.7697102007908,816.5363267497565,cherry,green,dog
,100.0,859.0,,380.01370910884174,734.6426136628952,apple,red,dog
60.0,232.0,722.0,25.704726643207987,141.76165189923256,721.5296811652106,banana,red,bird
21.0,,853.0,78.7901988292265,259.6400752294892,747.0738353189413,banana,green,
33.0,,687.0,,,930.522649751656,cherry,,bird
76.0,445.0,947.0,60.84864126597913,212.13378431660837,730.583450626955,cherry,red,dog
,,843.0,50.683843182048264,,969.9658959849112,cherry,blue,dog
22.0,133.0,864.0,15.93040206189803,109.79937930706095,752.001881798163,banana,green,dog
89.0,177.0,662.0,6.310903307915017,222.4549363518373,974.6003465904457,banana,blue,cat
49.0,317.0,995.0,11.764902847355863,319.6521345108691,,apple,blue,cat
91.0,400.0,825.0,22.735730009609878,352.83593180249693,681.2156613079146,banana,blue,dog
59.0,172.0,,34.16745018969208,330.81626578476437,931.820710648308,apple,red,bird
42.0,381.0,913.0,38.090952551098724,379.1025104293718,,cherry,red,bird
92.0,348.0,954.0,34.63217685890035,102.43549929593563,962.5235876715072,cherry,blue,dog
60.0,,573.0,23.90553321972656,140.37647999100858,815.8217575414458,banana,blue,bird
80.0,220.0,732.0,50.97242467516981,447.57770091165804,527.1953742611556,cherry,blue,dog
15.0,313.0,723.0,82.52861082328968,372.6994576360645,,cherry,red,bird
62.0,,,27.970353847147923,145.17265707440453,987.123827072378,banana,blue,dog
62.0,,,94.23870191022331,436.8297749594317,534.9003273073145,apple,blue,bird
47.0,449.0,911.0,,196.89248712982675,777.3438548900431,,green,cat
62.0,206.0,559.0,16.176421135210962,291.3039536780894,873.8971748796862,apple,,dog
51.0,418.0,834.0,,158.07860515386412,905.1292933497657,banana,red,
55.0,147.0,,57.458738231776664,384.04402256868264,706.913732660398,banana,,bird
64.0,160.0,536.0,56.65753621714186,366.74176840570715,602.0832795841216,cherry,green,dog
3.0,436.0,976.0,39.10427630581744,184.44498846645448,521.171139386192,banana,green,dog
51.0,125.0,777.0,50.115299918200975,445.36030674280073,789.8630785486123,banana,red,dog
7.0,391.0,695.0,39.717877742921104,260.5224096878849,726.4555351338054,apple,green,cat
21.0,356.0,903.0,53.97326187599428,217.00603642829674,974.3721975748555,cherry,red,cat
73.0,107.0,,62.795005277263584,160.93183578581417,530.3024538574549,apple,blue,bird
39.0,212.0,983.0,67.43038064090484,206.46720500621498,842.6976717230029,apple,green,cat
18.0,454.0,741.0,53.24811925594262,108.8107684895268,512.4831110600286,cherry,red,
4.0,,823.0,,333.30299698244625,585.7170883552714,,green,cat
89.0,279.0,718.0,,436.89229853757917,726.789499961417,cherry,blue,bird
60.0,,691.0,21.198249090223854,319.59217977665674,727.4362214014341,banana,red,cat
,402.0,516.0,81.87350040742702,187.7095847695503,842.8502714668219,cherry,red,cat
,226.0,511.0,32.252797784641515,113.46767128554909,955.1065174338783,,red,bird
90.0,155.0,905.0,2.2893824976120247,185.85122930352114,819.5160794574604,cherry,,dog
53.0,313.0,900.0,15.379114966803108,266.4485712284369,976.7675489257545,apple,blue,dog
2.0,113.0,893.0,,403.8445714799186,940.8078199389988,apple,blue,cat
84.0,127.0,873.0,95.73228878945872,175.13714101510965,792.2498977653952,banana,red,bird
92.0,177.0,,57.30414289308493,387.91658134187446,916.8959754594136,apple,blue,dog
60.0,315.0,521.0,93.27307404762549,446.77338734075346,821.288805161817,banana,green,bird
71.0,485.0,973.0,57.516335049662494,281.57873924334285,539.2789154618636,apple,blue,dog
44.0,464.0,619.0,47.93544401378518,428.5727966570373,870.282361629755,cherry,red,bird
8.0,253.0,709.0,31.372769119409604,321.86293921403825,547.4542206336731,apple,green,cat
47.0,113.0,805.0,60.63709444333756,,797.0413902848562,banana,,bird
35.0,286.0,769.0,13.919802461752983,,851.3201029291145,apple,green,dog
78.0,411.0,691.0,89.82616272927059,285.2690867005367,533.2638041054277,cherry,green,cat
81.0,470.0,674.0,82.93324051412837,193.86137671033975,615.3973269632659,banana,red,bird
36.0,,784.0,31.753144787673705,,957.8361161308248,cherry,green,dog
,102.0,703.0,95.27975276012943,215.9880475774436,808.1572461164482,cherry,green,cat
4.0,210.0,663.0,82.5200767415568,325.3155723815259,623.1430094052657,,red,bird
2.0,337.0,750.0,66.63068858350397,147.98147720955598,845.3398855740033,,red,
,462.0,726.0,12.17619111252748,466.71667628093405,798.3882099808447,cherry,red,bird
54.0,338.0,,47.823402304807225,388.2620581132453,750.7878499589742,apple,green,bird
4.0,373.0,880.0,50.61075548467508,,988.0934874940419,cherry,green,cat
54.0,393.0,959.0,23.25513583653801,163.44965781055117,,cherry,green,
93.0,326.0,506.0,7.9965394359301945,452.79686788865433,687.7205548339564,cherry,red,dog
63.0,470.0,528.0,77.67236304716927,429.5112360404661,900.036716038434,cherry,blue,cat
18.0,,,12.203505212439502,388.6886210868717,942.2916464605939,banana,green,dog
90.0,,532.0,59.429075056177474,208.61881896449694,562.6102797584157,apple,blue,bird
44.0,218.0,,,260.97865497346754,,cherry,red,bird
34.0,127.0,,87.61051925980425,141.09930098096936,608.1135045638898,,green,dog
74.0,301.0,578.0,27.775262374926115,175.6158098910127,845.6059046932702,banana,blue,bird
,,915.0,85.14486375512654,413.20665492669315,801.5197775266417,cherry,green,cat
14.0,372.0,934.0,0.03325061204894064,386.0154875402735,809.4957823492941,banana,green,bird
95.0,330.0,,1.7687809613257222,,970.3866498447505,apple,,cat
48.0,185.0,557.0,60.255316384286495,458.2906903704691,887.955766403653,apple,blue,dog
15.0,,970.0,36.47982191445295,333.3066071252182,563.9684622558916,cherry,red,dog
72.0,399.0,525.0,38.64608411591471,286.7871999854443,,cherry,green,bird
78.0,124.0,981.0,56.44410906788825,,717.6968230878679,,red,bird
87.0,244.0,929.0,19.17824555918606,476.179402294469,697.9807943738024,banana,,
62.0,112.0,725.0,21.175535066547834,,834.6543045809397,cherry,blue,cat
40.0,,784.0,48.46015870188647,,945.9465516282812,cherry,,bird
,124.0,503.0,,430.68586397240733,653.025731761394,apple,red,bird
80.0,167.0,964.0,,151.9719698142805,775.9385682105928,cherry,green,dog
,493.0,598.0,29.73550482368389,,894.7047109567928,apple,blue,dog
53.0,,896.0,43.03371775089212,,708.1090294226747,cherry,green,dog
,332.0,988.0,17.06647585499984,,584.0590641996479,apple,green,bird
26.0,208.0,538.0,7.462981433708171,462.8799286242489,,cherry,green,bird
89.0,245.0,770.0,78.26960407441493,477.193526726417,527.6112603715143,apple,red,bird
60.0,210.0,874.0,26.53874091881946,,971.1917270011384,banana,,dog
,,784.0,17.77663878512482,250.92546456252944,537.4106025974866,apple,red,bird
29.0,210.0,656.0,69.16180555693194,474.5284615876627,719.228357625289,apple,red,cat
15.0,133.0,574.0,61.8051674287186,370.0560244598672,,apple,green,bird
45.0,210.0,871.0,,146.4090725392677,,cherry,green,bird
,363.0,787.0,22.889460484661363,116.91669968907249,583.0109118214303,cherry,green,bird
89.0,468.0,629.0,23.2645538562681,325.85162039890525,557.2157593061793,cherry,green,bird
71.0,335.0,674.0,22.080262978563916,472.0683861753698,504.3530735312718,banana,red,bird
,182.0,961.0,17.375259566229452,437.69948096232736,,banana,green,cat
88.0,141.0,583.0,65.57236725616563,370.3390985857346,,apple,green,cat
1.0,200.0,521.0,,155.646339556435,815.2904707915461,,red,bird
8.0,105.0,958.0,72.43174696766613,201.69255349947824,,apple,blue,dog
88.0,279.0,526.0,79.20936337605433,450.2044906210465,510.2604073646626,apple,blue,bird
63.0,381.0,,40.479842908519984,173.1228946627602,913.3091727512443,apple,red,bird
11.0,419.0,836.0,65.40757953719981,211.37576330017384,682.7978505019834,banana,blue,bird
81.0,325.0,,35.42362404447745,151.8402604781768,676.848343290367,cherry,red,dog
8.0,414.0,735.0,52.550462196864004,,,,,dog
35.0,464.0,,48.163484653486236,477.59292214528386,987.6866385732104,apple,green,dog
35.0,328.0,591.0,17.68871451438544,207.58721263815437,585.0577086546407,apple,blue,cat
33.0,476.0,976.0,,,949.1190319766176,banana,green,dog
5.0,388.0,520.0,96.3822275482351,,888.401666069944,apple,blue,cat
41.0,249.0,802.0,,499.78649928625225,538.2399777496565,apple,blue,cat
28.0,376.0,963.0,13.380373627948872,141.92322599902883,993.3645507504243,banana,green,
7.0,297.0,856.0,41.85806216239353,299.4283198022837,635.6829817695052,banana,green,dog
73.0,169.0,942.0,79.03377358601482,,549.2914635112062,banana,,dog
72.0,,583.0,58.21482297799723,446.3280660889421,914.6571170628797,apple,green,cat
,103.0,761.0,68.09748272382446,290.3870924046623,853.3377668388499,apple,red,bird
34.0,449.0,646.0,18.96948481746772,144.39100983405922,808.6094029389503,cherry,green,dog
33.0,430.0,940.0,61.894819300772156,353.76965811463344,577.9904318494666,cherry,green,dog
48.0,417.0,952.0,32.35003949114738,408.3122473055519,,,red,dog
23.0,449.0,886.0,83.43033659547675,101.15250066624584,890.2780134436068,cherry,green,cat
62.0,194.0,756.0,62.92988060107362,443.5826741682518,651.8119690719201,apple,green,cat
,,557.0,19.885627777529592,174.40920000226623,655.8449142575207,cherry,blue,bird
37.0,410.0,879.0,,320.8277458613511,501.57045302406107,apple,green,dog
99.0,,,4.263320928703274,266.31900027498006,587.1217008226897,banana,green,cat
,346.0,514.0,37.14085676501407,387.8615266442122,937.7028125609172,banana,red,bird
86.0,486.0,661.0,26.585113665431347,248.46464591429674,720.8732458188535,apple,blue,dog
91.0,342.0,,64.60901234625081,,992.117249617217,cherry,blue,cat
35.0,130.0,662.0,49.933383497861826,392.1985443835161,,banana,blue,dog
,139.0,819.0,26.60192780053807,359.0852684251686,857.5932273901205,,green,dog
99.0,328.0,996.0,14.923777795017612,418.4962382251417,640.9595214523646,cherry,blue,cat
47.0,135.0,780.0,12.71997626874496,401.6092139713529,681.9048205704668,cherry,red,cat
78.0,,779.0,86.46603921404177,,595.3629937954473,,blue,cat
3.0,105.0,511.0,24.347796840486723,257.89374153793125,673.5311842496975,cherry,red,dog
1.0,421.0,773.0,,472.32291892659595,773.6187602103216,cherry,blue,dog
5.0,319.0,770.0,81.06859279862663,150.28970759689048,995.8864404896246,cherry,blue,bird
90.0,174.0,991.0,61.408131118473605,394.83862017282047,832.1008565358928,apple,,dog
14.0,103.0,,85.95652316469457,489.83672453413186,599.622977204157,apple,blue,cat
27.0,434.0,526.0,39.23937215284745,120.87945161798865,522.4807207957756,banana,blue,dog
9.0,233.0,571.0,95.62221906489484,372.87755225064416,,apple,blue,bird
79.0,217.0,559.0,13.314500417809693,287.26165652041215,781.2776006365236,banana,green,bird
15.0,,929.0,10.21495296575381,331.67010214988886,,cherry,red,
90.0,193.0,972.0,65.86921462074436,134.13653459372995,970.2096036503735,,blue,cat
42.0,161.0,644.0,94.28311414132618,117.2027807467758,,banana,red,bird
77.0,293.0,592.0,80.8883461636328,,761.3800707809348,cherry,red,bird
,434.0,808.0,7.641685943805143,429.32377192828716,735.4336781115884,banana,red,bird
,,507.0,27.936771393471638,,828.027510987852,apple,,cat
96.0,491.0,578.0,93.03188848378237,,779.789427232671,apple,blue,bird
52.0,125.0,526.0,25.305843280078456,139.94672845447127,843.5195752912402,apple,red,
96.0,272.0,673.0,78.11704237869192,375.2177775344055,829.0412923745952,apple,green,cat
4.0,399.0,549.0,82.51321959287039,196.75555342165836,558.505862428973,banana,red,dog
94.0,232.0,999.0,49.54521034609818,464.42748110695345,899.8589568093598,banana,green,dog
23.0,425.0,698.0,38.63489098483155,435.30614381828195,561.6162878581624,cherry,red,
,217.0,886.0,,383.75318683495635,,,red,dog
43.0,423.0,848.0,22.696469436536415,479.53838233245216,708.0726838203034,banana,red,dog
29.0,374.0,947.0,88.93909161288443,112.56872860450918,756.925367288299,banana,blue,dog
36.0,311.0,927.0,45.06196567297579,394.4801700243048,,cherry,green,dog
13.0,324.0,680.0,88.24594404560997,232.09711173456213,944.9418632367433,apple,green,bird
32.0,,523.0,10.56934799062741,462.4263542745461,908.9281528275149,banana,red,
71.0,212.0,815.0,98.82752710001313,206.67007866479105,755.0741902281616,cherry,blue,
59.0,239.0,877.0,44.32730874436183,389.94259972600685,868.1199050669165,cherry,blue,cat
86.0,146.0,886.0,4.783082039410546,451.0588078603126,756.4485277594047,cherry,green,bird
28.0,100.0,903.0,3.8021848237454914,116.66272735307297,934.8030412373887,,blue,cat
,189.0,,74.62072574818386,259.0590318368145,701.38791661645,banana,green,cat
42.0,241.0,514.0,65.90355342036808,404.9236128087755,985.1176722074383,cherry,green,bird
45.0,419.0,652.0,80.21305581275875,,966.1613791144388,apple,green,
62.0,137.0,721.0,10.536753395280595,206.9010519174381,870.8013097258927,,blue,cat
57.0,392.0,705.0,3.557086703554835,187.92213952927602,639.707942088036,,green,bird
6.0,481.0,954.0,50.857928944757845,152.60730676655118,565.8267943966292,cherry,green,dog
28.0,238.0,772.0,38.759523148276955,442.8518239425129,927.3517250465987,cherry,red,bird
28.0,455.0,,46.19469366709558,330.14216130062243,,cherry,green,cat
44.0,432.0,735.0,99.1588408870274,130.5539779965824,927.1303944986678,apple,green,dog
84.0,358.0,839.0,97.07499576706702,253.03212942825417,745.3825033561802,banana,red,dog
30.0,260.0,727.0,94.23153896731928,247.09346032204397,703.2783919040521,banana,red,bird
62.0,489.0,508.0,78.38426767676738,172.6956762837852,951.5953894172146,banana,,dog
75.0,277.0,665.0,35.48413602568904,274.20305018887626,801.925491270139,banana,green,cat
92.0,109.0,931.0,41.21309302627716,232.83974615725458,788.3070035648589,apple,,cat
89.0,360.0,943.0,54.96160437189245,236.721482196873,779.3829723121988,,blue,cat
62.0,237.0,818.0,83.05344564048399,395.61062311518344,685.5847580097657,apple,,
97.0,271.0,713.0,6.871283251826776,189.30535420207852,892.8215517645637,cherry,blue,dog
,485.0,616.0,42.429688588488816,356.7439835421422,626.3992220078865,cherry,green,dog
27.0,112.0,885.0,8.261766345926869,328.25984955237396,969.4474800206375,cherry,red,dog
62.0,267.0,843.0,51.46575865735116,327.2370049351469,946.9926025234804,banana,,cat
77.0,229.0,571.0,89.89008240062354,365.20293845671034,668.7401628374491,cherry,green,dog
3.0,183.0,894.0,78.24849245639379,319.3528144782616,864.7318849158319,banana,red,cat
70.0,420.0,563.0,22.784241754310997,451.70204593855385,786.6115972247958,,green,dog
,418.0,704.0,97.59908495987925,370.2320367801039,668.8246509996172,banana,red,cat
27.0,200.0,708.0,66.73503980464284,318.78530054855526,994.2608239977234,cherry,green,dog
9.0,428.0,571.0,1.0427699397403067,431.90524811505793,512.618672924132,cherry,red,bird
62.0,372.0,776.0,25.541348468521953,342.4586259733919,626.3230153106433,apple,blue,bird
37.0,364.0,773.0,26.071329991991654,216.4576991140716,760.0370305555753,cherry,,cat
97.0,498.0,977.0,6.9254306285859935,182.8379672706285,760.976501739282,cherry,red,cat
51.0,137.0,819.0,,160.93111426507153,794.4665374727821,,green,
44.0,193.0,837.0,47.825529457592374,459.7820850184406,875.8380860114596,banana,green,dog
24.0,194.0,865.0,89.5814597371882,384.0541727192263,811.7389152596481,apple,green,bird
79.0,404.0,994.0,32.221550344462834,474.9513752657283,,apple,red,dog
59.0,168.0,594.0,12.523357043282711,341.3167222859772,526.7572314565216,banana,blue,cat
,417.0,665.0,,289.36035259796506,688.2651438946491,cherry,blue,cat
96.0,335.0,531.0,,123.88659558835573,616.027869850578,banana,blue,cat
,433.0,510.0,48.601550297753995,368.6569126184119,632.6850558009877,cherry,red,cat
52.0,,800.0,92.02971812194077,332.8835039072925,777.1687371701724,cherry,blue,
62.0,475.0,716.0,52.07681418342127,496.0835574350486,599.7526574648042,banana,red,bird
58.0,236.0,788.0,61.649972689508346,195.6635111128972,646.9745505084488,apple,green,bird
52.0,175.0,601.0,15.66384369738083,312.29494211473434,,banana,green,cat
,134.0,924.0,4.373562587996949,360.38293404722907,974.2514716090973,cherry,blue,dog
39.0,100.0,891.0,11.080796217980705,357.83646989693744,972.3328660855476,,red,cat
2.0,395.0,766.0,59.853157568436565,324.5174171793611,804.9707792980258,banana,green,bird
3.0,419.0,713.0,9.501169899230465,410.77120413089017,962.26123436595,cherry,red,cat
56.0,159.0,678.0,37.59928899413114,,892.9063227341866,,red,bird
81.0,419.0,587.0,55.009194045815605,390.25088010976634,794.9739414009043,banana,green,bird
59.0,,,38.8652798629847,347.8938285732357,503.21760574839783,cherry,red,cat
2.0,427.0,900.0,16.36838014653015,458.43004471782933,886.258143039702,cherry,green,cat
2.0,366.0,575.0,,438.8777756134327,851.2441707942344,banana,green,dog
92.0,460.0,876.0,92.8317532848577,226.0588156530213,807.626826641207,apple,green,bird
54.0,328.0,545.0,67.59822755863554,210.49492999006122,880.2121558412359,banana,red,dog
87.0,369.0,659.0,49.60478386798866,492.6613295409791,756.4610823873829,apple,green,cat
,,962.0,1.2714889986893518,310.90607236610265,852.0416356606695,apple,red,bird
97.0,385.0,579.0,99.24154004894702,462.56838556577475,967.5860433632467,apple,green,
1.0,390.0,809.0,67.14549348946433,165.55240951219287,687.9025079230431,apple,green,dog
19.0,312.0,585.0,31.692247734494494,,854.0609174503127,banana,blue,dog
,264.0,591.0,87.92686599978381,423.94407494423444,737.8439090054794,,blue,cat
53.0,104.0,,25.84316202918181,478.9580998345787,837.1998259069908,,blue,cat
44.0,438.0,660.0,54.40165791827516,234.9360564068094,881.446667777182,cherry,,cat
90.0,478.0,701.0,63.607076372982505,389.992467969621,522.7262502178979,cherry,,bird
32.0,177.0,923.0,22.106337145372844,315.5252036158476,823.300221974331,cherry,green,cat
70.0,161.0,915.0,97.83972788005958,124.25157042658728,613.3705922034723,cherry,green,
32.0,231.0,,74.81919059789975,375.99989492357736,835.0162689037834,banana,,dog
68.0,188.0,852.0,,376.03862329513737,734.1650929669067,apple,green,dog
55.0,,501.0,18.059459817530087,472.2427219386148,886.7763709324436,cherry,red,cat
75.0,141.0,724.0,5.385820699802613,298.92497846758897,,banana,green,dog
56.0,188.0,788.0,32.005983252098346,192.10036828420587,813.1611758280976,cherry,green,cat
17.0,395.0,732.0,,117.82552937947166,639.2353644637761,cherry,,bird
,427.0,960.0,26.933129830202507,266.2568746743623,926.4909976652957,apple,green,dog
24.0,394.0,913.0,53.95562204955051,220.76668003100073,,apple,green,cat
69.0,203.0,916.0,72.79471767307432,404.4353224095502,998.1991468395277,apple,green,dog
98.0,113.0,576.0,10.794371464646435,,898.0037012136416,cherry,red,dog
70.0,387.0,615.0,68.52980161158733,479.62847852593757,876.8670352140023,cherry,blue,cat
86.0,278.0,653.0,9.18708877100447,484.9240811951137,,cherry,green,
11.0,224.0,905.0,96.51297421269966,348.3634360870832,668.0035294950544,apple,green,dog
16.0,,602.0,48.839413006493956,,732.8412708811397,banana,blue,
97.0,122.0,,15.067610770987738,404.34173780579823,886.6905238911248,cherry,green,dog
73.0,162.0,665.0,34.23836360335465,,957.4829325389843,cherry,,bird
59.0,242.0,858.0,41.34164492952615,,,,green,dog
70.0,,589.0,75.81850110765373,283.439177405536,961.1837423350514,banana,red,dog
80.0,244.0,673.0,74.34237860766093,324.34978534504705,847.812326177029,cherry,,cat
93.0,324.0,621.0,61.194050533733105,445.58463229400405,805.3853653425193,,green,bird
3.0,408.0,997.0,10.593071255849296,292.53335061426594,599.9206356409697,cherry,blue,cat
20.0,203.0,642.0,15.15693715876736,459.06986907118267,527.7625164045753,banana,red,cat
59.0,203.0,981.0,9.375692064555663,369.73959160938756,784.2324492539699,,,cat
,138.0,605.0,57.71727832875501,154.79962522146855,825.7578416644462,apple,,bird
19.0,297.0,874.0,87.71384415114039,497.9925477300372,605.3907246773441,apple,,cat
90.0,233.0,927.0,43.38005122547718,310.89306430156506,778.2281029127282,apple,green,cat
67.0,166.0,804.0,16.08481739577462,256.74331856363153,928.2467013812868,apple,blue,
19.0,490.0,859.0,55.804232514896704,363.64550578781063,917.53297272751,cherry,green,dog
20.0,278.0,958.0,81.17522168657099,143.55732559241562,963.6775902931486,apple,green,cat
96.0,141.0,816.0,74.171206151293,354.6154587013417,682.9429047784402,,red,bird
71.0,114.0,950.0,88.14507796750213,299.2944001997092,659.0247862754593,apple,green,
52.0,210.0,622.0,27.790209724886783,262.66962799943326,874.7130029904043,apple,green,dog
33.0,256.0,889.0,19.395386726777485,481.20800847155965,715.5562025485025,,green,bird
40.0,388.0,508.0,87.98164859419387,309.01588669282125,543.7743320138903,cherry,red,bird
39.0,330.0,761.0,65.75603127780231,187.64699178797537,641.4005653352499,apple,blue,dog
82.0,256.0,572.0,31.092893000755417,,709.2911427657446,banana,blue,cat
1.0,137.0,,74.23480505725092,467.7549618290691,646.258212738126,apple,green,dog
11.0,,,81.51183844803678,170.43818853223786,666.1027854736608,apple,red,cat
92.0,,915.0,61.497824034113236,185.58281547529475,646.8879530871953,apple,green,cat
57.0,353.0,540.0,68.78841098799151,105.2118271028335,520.7495835915397,banana,blue,bird
,295.0,869.0,37.52599044426663,105.67601975830686,818.5473504122212,apple,red,dog
50.0,185.0,703.0,53.86956673430391,431.756650783405,798.6462101767347,banana,blue,bird
23.0,421.0,763.0,52.415917072616224,392.84904273718234,826.6917492393403,banana,blue,bird
31.0,109.0,827.0,84.80477911307719,242.0164225807833,596.1549480168137,apple,red,cat
94.0,104.0,677.0,83.99639802821825,379.3244628910291,647.8272708062426,banana,red,bird
42.0,,847.0,83.26804693470432,258.08237052398806,809.8079634724611,,green,dog
99.0,,817.0,1.1031614262465794,481.158718399131,799.8137842299607,apple,green,bird
7.0,452.0,583.0,74.95454844688882,486.82107257041395,753.1651546771338,apple,blue,bird
16.0,217.0,817.0,75.86763901110048,257.11751032373735,675.2066250050987,,red,
90.0,393.0,610.0,,441.6887625363472,956.4655023873449,banana,red,dog
,496.0,,75.62646578914526,409.23561667898645,669.8851211494218,apple,green,bird
2.0,258.0,882.0,84.19703714967088,223.99997486871573,,cherry,blue,cat
1.0,,506.0,47.03190541017857,192.81593156044238,839.0569154771044,banana,blue,bird
48.0,327.0,,50.20502134884472,283.2938601571335,771.5107154333821,banana,green,dog
12.0,464.0,583.0,12.471405691139047,412.5395362457625,673.4429881821927,cherry,red,bird
69.0,315.0,707.0,38.53758830473618,484.0671138914982,717.8223952282549,cherry,green,bird
37.0,283.0,887.0,64.33651799117843,405.43162754662904,897.240408926753,,green,cat
32.0,114.0,889.0,78.03997761472745,442.082794007348,639.0645777433062,cherry,green,bird
9.0,256.0,813.0,21.720909769121054,341.22572246820664,571.1276198884077,apple,green,cat
99.0,235.0,521.0,13.78228991592354,434.16313233685037,656.5816009148886,cherry,red,dog
19.0,360.0,909.0,,413.7683432013671,924.7671077439506,banana,green,
48.0,256.0,,0.18798835249106416,,544.4948574281733,apple,red,dog
80.0,146.0,502.0,,320.7961208482884,995.8480366862259,apple,green,dog
3.0,423.0,626.0,2.9071380343953734,421.90124879587796,770.5014494638312,apple,blue,bird
20.0,,796.0,16.688511785487094,118.42269367598254,992.422871983547,cherry,red,
24.0,272.0,687.0,18.131927992550523,423.23171294233197,969.4982110429887,banana,blue,dog
54.0,229.0,861.0,38.76735947503942,171.15524961960938,726.4068571054584,apple,green,dog
33.0,194.0,513.0,40.2327124686556,305.87344684857555,599.2455373026745,apple,green,bird
24.0,214.0,958.0,87.42624706102377,423.3101758223751,582.4423882825693,,green,bird
75.0,342.0,965.0,51.010971249882516,201.52843126267794,619.9946819349788,apple,red,bird
72.0,391.0,511.0,72.34047656122863,198.3229757224612,855.0663202822686,banana,blue,
36.0,381.0,586.0,10.413735792028744,261.10575938490075,636.4749973657439,cherry,red,bird
38.0,398.0,,22.543875546369385,457.8571190310538,670.7126348021492,banana,red,bird
84.0,382.0,896.0,70.29434409786768,100.17711257488315,724.3894019973075,apple,green,cat
99.0,168.0,524.0,5.280396046852809,460.553238656774,956.6163402107281,banana,,dog
89.0,247.0,800.0,48.65976622437531,161.5228098566431,594.696708942423,apple,green,cat
99.0,,742.0,59.936896566293385,496.03455042699284,502.5132763049016,cherry,red,cat
25.0,353.0,621.0,60.214564405248105,481.93879721538724,530.048205189085,cherry,green,bird
,429.0,646.0,2.293281126804203,297.87007583651337,952.3831708400589,cherry,blue,dog
18.0,459.0,554.0,32.21080042291855,305.08809912505126,823.7582324216816,apple,,cat
82.0,137.0,737.0,63.6490651049154,,636.5203096639034,banana,blue,bird
66.0,233.0,855.0,14.899973614924345,354.17745826380906,588.5962505055955,cherry,blue,bird
54.0,299.0,672.0,69.54156483280532,136.2886808939724,647.1333683185571,apple,green,dog
35.0,122.0,891.0,74.59252088136745,113.0471793366266,557.39846362564,apple,red,cat
80.0,402.0,720.0,98.19691904461453,123.08117136635954,970.7664551422206,banana,green,cat
61.0,,618.0,,,892.1030871826334,cherry,,cat
41.0,401.0,808.0,82.51306676661152,210.21917568779335,731.1955884562703,apple,red,bird
33.0,462.0,682.0,52.0296576918654,348.8158249483975,932.481302557601,banana,green,dog
68.0,495.0,787.0,37.34625961441734,496.9769157499116,,cherry,,dog
33.0,317.0,806.0,12.237675732517793,254.52926923058635,,banana,red,cat
14.0,240.0,799.0,73.55056064875376,329.53650164180533,928.0662495068717,banana,,bird
21.0,203.0,581.0,23.585759914368708,266.2415583629342,678.3843558116363,,green,cat
48.0,309.0,953.0,37.142200187304574,438.90866708874375,878.7322227253588,apple,green,dog
20.0,210.0,901.0,6.254222689736844,460.89456138489527,647.5361746321547,apple,red,bird
8.0,203.0,710.0,80.13669158195191,450.94224488210403,,banana,,cat
7.0,415.0,649.0,76.65885239716434,,553.528589277093,apple,,cat
67.0,270.0,536.0,73.36158300423125,,720.0290232546994,banana,blue,bird
17.0,455.0,851.0,29.94435104918867,435.9264648582124,864.8559532487111,banana,green,dog
33.0,423.0,811.0,17.348007426595725,400.7088692156373,970.1104027856425,apple,blue,bird
48.0,232.0,860.0,63.75532644702297,191.47776376014593,801.898495964548,cherry,green,
76.0,,558.0,49.616638411321944,482.528037355011,931.5677688678695,cherry,green,cat
59.0,392.0,,17.82524669046416,159.2711712919782,911.2473246451136,cherry,blue,cat
86.0,427.0,911.0,68.59112710498637,371.81997085356335,,banana,green,cat
22.0,226.0,701.0,99.11264318213037,189.956086726365,742.9087144563157,banana,blue,
30.0,,742.0,74.72195877420377,272.55225950962983,558.4617677626958,banana,green,dog
,,534.0,73.99863866856118,387.6639587778276,841.0765807808175,apple,red,cat
51.0,386.0,944.0,95.03127529305917,325.32985681321867,974.949834123038,banana,red,dog
54.0,477.0,592.0,20.29363675749022,271.0007325312447,,apple,green,dog
8.0,492.0,937.0,56.55499649214404,230.53537237279488,866.9415654012707,apple,green,dog
27.0,150.0,946.0,97.96467150338835,435.86386228351614,816.1190754339304,cherry,blue,cat
27.0,128.0,,16.529411097017455,157.5257401259255,791.8025185040499,cherry,,bird
98.0,395.0,,70.02519594445211,272.04115061192,,,,bird
21.0,396.0,890.0,58.5810145971902,461.50302871005687,677.5658238769063,apple,,bird
30.0,313.0,831.0,58.647909218870694,,522.6245945094439,apple,green,cat
97.0,366.0,804.0,,260.37670498921864,608.9543541260067,apple,blue,dog
28.0,356.0,849.0,92.96169228756843,405.24334544052334,507.58844114341343,banana,green,dog
64.0,401.0,712.0,78.2581939851338,429.2643322835437,790.7085527910103,apple,red,cat
97.0,200.0,658.0,5.613610341621,455.5549696014519,552.9266179389545,cherry,blue,cat
69.0,445.0,941.0,85.27280198757113,317.8023076196912,936.509697014858,,,bird
61.0,209.0,,,,761.5715103485826,apple,red,bird
48.0,281.0,523.0,37.6914164736372,202.12363060157264,849.8449545293543,apple,,cat
19.0,412.0,903.0,46.17328136123822,218.27786961664168,705.4285459202482,cherry,blue,bird
,100.0,792.0,48.090600075306966,337.5209923238462,780.2899045005242,apple,green,dog
,,503.0,43.51803992553568,113.12384965144338,971.3295884833153,cherry,red,cat
,154.0,719.0,93.73532942158644,354.4169875119873,541.3670198118353,banana,red,cat
49.0,470.0,863.0,70.60190076640247,245.7416953712928,,cherry,red,dog
17.0,,881.0,63.117064595670634,218.09672099585686,889.9941634552722,banana,green,dog
,248.0,519.0,4.984202778294156,451.79862829125057,549.3686034413329,apple,green,dog
92.0,408.0,943.0,90.39133302603747,284.0009582323196,537.8305519520554,apple,blue,bird
30.0,236.0,651.0,90.93901920083962,138.0212182130771,680.7706993770194,banana,green,cat
93.0,301.0,549.0,78.02130634301024,430.6987072104988,546.0839792362161,apple,blue,bird
46.0,412.0,676.0,0.7029203813619156,119.05650297460264,792.5392211031016,banana,blue,dog
6.0,216.0,934.0,5.728025107762336,390.6996896672787,613.1376254082999,apple,blue,bird
99.0,253.0,595.0,22.522370226848977,409.5624887082661,947.8489815996861,cherry,blue,dog
37.0,390.0,604.0,13.134940814490669,241.04104237154326,891.7500404226283,apple,blue,
24.0,162.0,,39.88360297037295,429.9151425111147,849.852603049738,cherry,red,bird
93.0,343.0,749.0,92.26230580877896,306.26376234258134,808.472013692251,cherry,green,dog
46.0,124.0,616.0,47.206043419699824,285.3174613091187,931.7328651707317,banana,red,bird
53.0,189.0,853.0,1.340262643216561,118.16131258747703,611.5310307713785,apple,blue,cat
95.0,174.0,727.0,28.274568957876202,216.01167745956235,,banana,green,
99.0,393.0,565.0,4.459490837296154,472.4039883541199,894.7461492120262,apple,red,bird
60.0,485.0,,3.6287622613502157,256.7295853134,874.0804131938428,cherry,red,cat
97.0,490.0,917.0,27.571985309555224,318.68020822270734,780.6278390374621,cherry,blue,dog
63.0,309.0,919.0,,312.80867159370075,623.1220804853001,apple,red,cat
85.0,446.0,761.0,78.7126602601604,,711.7739579959482,apple,red,bird
32.0,116.0,794.0,97.4834652781112,124.53238225731305,896.7853272694008,,red,dog
87.0,227.0,925.0,37.12070938899983,244.87050191949132,,apple,red,bird
33.0,463.0,742.0,42.88868788610386,389.25130955302166,891.0253846318792,apple,red,bird
67.0,350.0,,84.47894362860214,180.2241004291932,620.0353702437833,apple,blue,cat
18.0,278.0,685.0,26.813902009551338,181.43135101854418,572.1546003608015,banana,blue,
25.0,281.0,745.0,,104.03624267560988,557.8506590901511,apple,red,dog
95.0,251.0,624.0,,274.9927706432839,513.6250059754076,cherry,blue,dog
54.0,124.0,767.0,4.650058644006549,,761.7932426107265,banana,blue,dog
58.0,279.0,,61.96994401994157,120.76037743492361,609.1299363468647,,green,
67.0,297.0,736.0,56.199284746680675,176.44748379840104,994.7158828898157,cherry,,cat
46.0,443.0,517.0,34.59204475016943,224.03381533710203,787.2183779361029,cherry,,cat
24.0,260.0,539.0,31.5189521097359,392.68989462568516,568.9426346780052,cherry,blue,cat
32.0,276.0,520.0,77.18577261816213,,844.3812704056827,apple,red,dog
47.0,384.0,898.0,8.642461076254648,266.377561832742,948.8717832548626,cherry,green,
86.0,,724.0,23.67843093113854,,872.5897476848072,apple,red,cat
23.0,249.0,854.0,73.24487318380898,343.85240466276076,538.2199305197238,banana,green,cat
66.0,253.0,781.0,54.83205837264242,458.41631986288763,947.9420905963298,banana,red,dog
,,507.0,12.798820853358638,427.2106996554772,,cherry,red,cat
2.0,469.0,599.0,88.213561428206,201.1254424356802,579.1519500528071,apple,red,dog
90.0,148.0,,39.34478465635915,208.57543105368006,525.8929443664084,,red,cat
17.0,436.0,977.0,82.78683753221728,150.14259031695426,778.6552876571543,cherry,green,cat
33.0,183.0,586.0,78.77130155277086,234.7858902869826,578.0179056699884,apple,green,cat
9.0,460.0,797.0,62.4425446471728,499.81756748763775,917.295476297636,cherry,blue,dog
43.0,276.0,927.0,49.448113129509295,262.3004674460244,679.1673283358368,banana,red,dog
48.0,,513.0,97.95508403817568,188.19537387564256,956.4462223682876,cherry,green,cat
39.0,217.0,833.0,14.496507237981703,404.9931537902212,782.844086070503,apple,green,bird
93.0,441.0,,72.51557275511148,316.98840138506245,591.3361921198341,apple,green,dog
42.0,162.0,874.0,19.1190701464789,159.840579810781,569.7994336799001,banana,red,
26.0,288.0,792.0,33.82631053323484,252.27587246434632,788.236218778877,apple,blue,cat
99.0,459.0,824.0,30.869874337319526,265.78788621573733,880.941805931222,,green,bird
,148.0,921.0,94.7035987738723,401.53188022768745,890.7528238710911,banana,red,cat
25.0,426.0,992.0,96.73561777882752,108.26854755676179,637.8787022206407,cherry,green,dog
24.0,356.0,540.0,18.301544423472716,207.60785871932418,602.1233794560837,banana,green,dog
13.0,323.0,817.0,2.2035160297504186,307.0385205262088,508.37815224619123,cherry,blue,cat
60.0,240.0,815.0,72.00080396631131,207.53869698113732,839.5995756005847,banana,green,cat
7.0,,880.0,41.798993387048434,351.37361896759955,538.2841292167695,cherry,green,bird
57.0,,610.0,8.884024508756438,292.7469917098466,,banana,red,bird
36.0,310.0,513.0,68.37541055770426,244.68410194383225,800.8410820091481,cherry,red,
45.0,417.0,730.0,54.51055282606997,479.6834507482049,968.5544724598385,banana,blue,bird
,131.0,972.0,,,655.9010684778843,cherry,red,bird
,257.0,583.0,22.740949586137894,151.9765489071765,624.8860812232599,banana,red,dog
8.0,384.0,629.0,40.397787632654826,324.0366789773582,827.0800771430493,apple,blue,dog
16.0,404.0,730.0,54.254580339542294,412.2927412803604,809.6195160267908,cherry,green,dog
14.0,385.0,,79.16999884533517,383.3958789971189,666.0548916540623,,blue,dog
76.0,243.0,644.0,54.88386567200587,168.83569171810376,964.0509177548932,cherry,red,cat
87.0,118.0,,61.29001608619492,488.9679996160413,,cherry,blue,dog
15.0,117.0,844.0,22.614705158994074,,611.9912729325406,banana,green,dog
92.0,356.0,527.0,84.69187280885599,163.61000149610453,,cherry,blue,dog
98.0,177.0,565.0,42.86305469704757,172.07830165125915,756.1501734435403,banana,red,bird
66.0,470.0,662.0,14.095962752176927,139.2939968756322,,apple,red,dog
32.0,274.0,728.0,66.41879145054173,,522.0201896942322,cherry,blue,cat
87.0,293.0,760.0,21.60904531853075,148.81219772873948,,apple,green,cat
63.0,212.0,948.0,9.756251023929973,150.05010285669877,824.1179486910485,cherry,blue,dog
86.0,213.0,923.0,86.19869084042723,440.1886459043351,615.7400479564941,cherry,green,cat
,,959.0,46.016226448843966,,,cherry,green,bird
25.0,265.0,939.0,74.92837126957764,112.34316172322897,970.0915956260412,banana,blue,dog
58.0,418.0,663.0,29.05875598063551,120.75811980736435,523.3929224858842,apple,green,
63.0,231.0,800.0,,156.86817868155822,659.8260276460312,cherry,red,cat
62.0,484.0,906.0,11.193592702153033,185.3573391902758,,banana,,dog
22.0,363.0,802.0,35.597337379485275,366.05847769536217,949.6301794623448,cherry,green,cat
58.0,154.0,786.0,,162.9305120007313,,banana,red,dog
58.0,458.0,894.0,79.39897163680061,147.5497564708288,,cherry,blue,cat
86.0,230.0,509.0,49.72559303146882,405.88765659051165,875.0142060710956,apple,red,bird
49.0,387.0,694.0,33.97774715618851,368.4221135439658,765.8305118822415,apple,red,cat
,,617.0,87.21357000224765,274.12968858209445,768.8914673706882,cherry,red,cat
42.0,,769.0,54.48477590845157,,,banana,green,dog
70.0,261.0,579.0,75.84250178691111,224.7936081305674,608.4781229319398,cherry,blue,cat
15.0,479.0,957.0,,293.00016809414427,644.0026729620206,banana,blue,dog
54.0,186.0,592.0,1.794567856849183,302.6690595930983,778.1640036285396,cherry,green,bird
60.0,154.0,,12.625378279261346,254.89490847123838,514.5775930110445,banana,blue,dog
97.0,387.0,,65.96293663947422,462.6288842688651,953.624472178203,apple,red,dog
8.0,277.0,849.0,16.161981128587144,,578.1418547748881,cherry,blue,cat
53.0,490.0,,25.54933446556047,412.8685052364985,610.0443384356932,apple,green,bird
60.0,448.0,756.0,94.66379541996072,149.75313249652973,759.1380882238232,,red,dog
5.0,107.0,632.0,56.01822583749119,419.01894421487975,855.0573831686397,cherry,green,cat
68.0,420.0,,75.07295069993472,346.3647662706885,547.8645273721986,cherry,red,cat
6.0,412.0,763.0,55.798073878263985,437.31123637456096,658.8473487735811,banana,red,dog
96.0,346.0,670.0,55.25136147827252,139.005730256359,984.3373027871785,banana,blue,cat
94.0,422.0,959.0,9.41519101256979,323.5922536399096,631.1714833904729,,red,dog
47.0,354.0,500.0,34.3663192609103,300.43515210487885,656.5250725315734,banana,green,dog
99.0,427.0,812.0,28.24308986865117,382.47727318534345,918.2492453090167,banana,blue,dog
,,563.0,39.07283656136132,313.7162207574703,525.1072158452276,cherry,green,bird
40.0,348.0,873.0,79.83441882243282,316.2938268532417,732.3065844044854,banana,red,dog
52.0,338.0,967.0,37.19326679168648,271.8383774304259,689.8083822258351,,green,
,328.0,783.0,45.16968192316827,223.53376960293633,658.2933799543256,banana,green,
13.0,166.0,620.0,39.73813904853165,292.90574450087684,642.8497970223823,apple,red,cat
30.0,150.0,606.0,9.340797197529561,147.39694350736022,545.6870524302046,,blue,bird
19.0,196.0,920.0,44.10721582507837,484.6053355932339,657.4129146758244,apple,green,bird
17.0,191.0,674.0,19.560927304451504,385.7643054506393,521.5262013578343,banana,red,bird
63.0,,,18.672329577304147,480.98684667513874,890.4819318222176,cherry,blue,bird
19.0,390.0,703.0,9.403610443426636,190.6909529319853,,banana,blue,cat
92.0,195.0,664.0,35.667097414176475,,721.9519161599558,cherry,blue,dog
58.0,187.0,804.0,75.74818847894174,423.51599382541536,946.7972932250658,cherry,green,cat
55.0,177.0,996.0,27.644169058339607,370.86096498306944,,banana,green,dog
90.0,387.0,619.0,31.234910188551357,350.0116744340823,504.0295516710599,banana,green,
90.0,219.0,543.0,64.26746576724236,226.619866107148,971.5874114806425,cherry,blue,bird
62.0,401.0,,19.58408125869189,426.5643139860123,618.5722329888556,cherry,green,bird
23.0,499.0,655.0,89.69579304235343,,553.8070923799294,banana,,dog
9.0,264.0,866.0,52.01905232515544,128.35663035651413,884.0640891904411,apple,green,dog
12.0,,706.0,44.7602940320217,225.145264342052,750.238657933359,banana,green,cat
1.0,497.0,889.0,,474.118839418131,716.8852830090088,cherry,blue,dog
58.0,322.0,607.0,16.603431341619547,440.2721042419385,624.7515398413709,banana,green,cat
1.0,410.0,750.0,61.34731386391763,492.76227923061566,,apple,red,dog
,106.0,944.0,36.31007366340104,351.19735304163925,637.1923026012937,,blue,dog
96.0,429.0,903.0,89.7186340964619,199.00402925616478,950.7915026435338,cherry,red,dog
48.0,,869.0,16.885420667768614,165.1260198707455,607.6022398665964,banana,blue,bird
89.0,,833.0,50.705110386544106,174.76577624338466,,cherry,blue,bird
1.0,,629.0,59.8112629369018,107.91826333890175,779.7027128636785,cherry,green,cat
16.0,184.0,956.0,3.3383601786381223,256.2728443943757,914.2440669476205,banana,red,dog
61.0,,,36.369312475614024,176.571072199817,856.4229979304775,cherry,blue,cat
64.0,211.0,519.0,73.26352347008329,264.66218418268096,848.3475557183742,cherry,green,dog
63.0,480.0,781.0,82.03775074489734,473.99777273550615,662.1729038475279,apple,,bird
69.0,135.0,784.0,31.316199481728233,272.21608380287597,616.9484657361018,apple,blue,bird
22.0,384.0,500.0,79.85932723827513,,605.4431138403941,apple,,dog
93.0,287.0,618.0,96.77558771033888,,928.5958285297943,apple,blue,dog
67.0,181.0,534.0,85.6873936075094,198.85262186455677,910.2134101295101,,blue,bird
76.0,101.0,697.0,11.76439881593252,242.34190370368455,720.2867640061536,,,
26.0,484.0,984.0,73.97303320855406,,566.2023067482273,cherry,green,cat
16.0,402.0,744.0,31.966683244054472,233.3850374384042,691.1261259887292,cherry,blue,bird
51.0,296.0,558.0,98.84159894120765,371.0163782014136,809.6717270684558,cherry,red,dog
86.0,110.0,824.0,48.53589831598871,,727.2015772399764,banana,green,cat
57.0,333.0,,12.243389835894103,182.16056339121172,890.0946342414975,,red,dog
29.0,485.0,996.0,72.51855480273908,252.5764165653246,998.8114111256928,cherry,blue,cat
,294.0,678.0,,492.819814806385,595.5660442244484,cherry,red,dog
92.0,218.0,705.0,99.70781570816617,413.94472918355206,,apple,blue,bird
69.0,495.0,511.0,,393.3946985968416,,,blue,dog
47.0,119.0,989.0,,146.4763826101784,652.2462663744755,banana,green,cat
94.0,360.0,775.0,12.982644895171758,412.39835744599657,,cherry,green,dog
62.0,392.0,680.0,68.68609976750291,414.10752460640606,,cherry,blue,
69.0,355.0,741.0,9.30304864600272,340.4410782497313,943.5596586118493,apple,green,
76.0,321.0,715.0,,496.1447127993488,709.9243488431588,,red,bird
16.0,492.0,750.0,82.2958446221486,230.10156236982078,748.4477592500244,cherry,green,bird
90.0,325.0,798.0,20.975294768368137,476.5089792967407,958.471024100458,banana,green,dog
90.0,152.0,625.0,37.90271262190974,465.89244598260143,888.1452387579739,apple,red,dog
48.0,454.0,,97.34573899761732,104.59226389975113,,apple,green,dog
85.0,441.0,,33.684050186110326,280.0466105899244,782.7099838038712,banana,blue,cat
39.0,463.0,805.0,29.648978128331528,490.84169322062934,721.1261382597795,cherry,red,dog
,379.0,784.0,91.82079996227752,141.2485449632303,898.6055362893815,apple,blue,dog
94.0,180.0,684.0,11.074844531895812,319.11387775332776,862.1162738059746,apple,red,cat
,301.0,538.0,75.95824101146317,491.58300281644165,845.2028609555359,cherry,blue,bird
10.0,257.0,722.0,98.8065566652774,322.19816964234406,670.2724177399484,cherry,blue,dog
69.0,219.0,683.0,90.12960107746488,175.9261211888624,902.4818651996272,apple,green,dog
34.0,158.0,994.0,65.1667918706426,332.87329203703587,526.1956477974306,cherry,blue,bird
52.0,314.0,926.0,31.406079499273197,181.77622957981873,579.8124507160836,apple,green,bird
95.0,227.0,677.0,25.43219811783167,307.8817051577937,667.8116364889559,cherry,red,cat
10.0,323.0,906.0,81.92551048714611,129.61688716493921,538.4037205346407,cherry,blue,dog
19.0,308.0,927.0,87.98219139516952,342.1930676857619,617.4971387673459,banana,blue,dog
58.0,469.0,793.0,52.54349125456928,306.7159756512633,915.0754914989591,cherry,red,cat
96.0,214.0,839.0,24.433994078646613,396.0645475045852,974.1257688950396,banana,red,bird
1.0,308.0,650.0,11.294320841117356,352.28018846351404,652.3011778870953,cherry,blue,cat
69.0,113.0,883.0,8.717946783183116,319.84250741230267,,apple,red,bird
4.0,108.0,625.0,,375.91153969924846,639.9463261232135,apple,green,
16.0,139.0,800.0,42.0118727847725,157.57676542889234,638.859543675422,cherry,red,bird
,336.0,807.0,90.53598742778703,338.1438645034416,517.9650910929865,,,cat
80.0,380.0,,73.96713007267637,168.84424112911108,963.4581731655541,apple,blue,bird
2.0,458.0,933.0,19.12604179145867,470.20888314075233,606.8490707851643,cherry,green,bird
92.0,300.0,,61.377741881569904,127.33364193824168,710.0020370407025,banana,red,
32.0,345.0,879.0,43.550545439815934,272.1498998763173,504.84344137048384,banana,green,bird
91.0,377.0,,57.72497307686131,378.31899106217793,928.9775454575285,,green,bird
84.0,334.0,507.0,73.80691233385171,283.2088846673035,865.5786722274586,banana,green,dog
24.0,103.0,997.0,80.61958810037908,136.83810129316095,973.3780175868517,banana,,bird
,253.0,840.0,84.37373264067243,321.35160645068294,890.8077395981995,,red,dog
50.0,,628.0,25.397487457202473,,656.8532560260326,cherry,blue,bird
35.0,208.0,763.0,3.1115599917357684,381.5169243962031,623.9366793642118,banana,red,dog
33.0,197.0,656.0,73.92947351647732,249.30392578510356,848.8581537766465,cherry,,dog
33.0,314.0,851.0,10.634372625577459,,682.0563875052497,cherry,blue,cat
61.0,392.0,,31.491958861296766,280.2745899755653,783.1075078763083,banana,green,
51.0,174.0,504.0,0.38171341243471435,368.82241550090134,503.12873551323514,cherry,green,cat
43.0,425.0,,68.166948240162,333.4227869299274,530.9428508402376,cherry,red,cat
12.0,245.0,585.0,16.713201147122124,310.30248782365396,767.6839705908255,cherry,blue,bird
,227.0,674.0,65.52824096916582,199.80974673529946,,,green,
65.0,440.0,789.0,99.17426171678389,100.80740709929357,875.7264722296718,cherry,green,bird
33.0,141.0,692.0,7.267087161001628,169.6326701245717,565.9826598119809,apple,red,cat
40.0,455.0,810.0,7.707801195146069,146.82641656966746,756.5915418783894,apple,red,bird
74.0,140.0,618.0,34.03800926666749,,,banana,blue,bird
43.0,133.0,717.0,86.6386514251342,344.90326030473784,546.5980597813474,apple,red,bird
44.0,116.0,926.0,21.552986879133186,185.23400347392328,705.2478970302773,banana,green,dog
29.0,264.0,957.0,36.037781993034756,475.62283838687483,581.6683240445286,apple,,cat
13.0,252.0,913.0,6.8505406626979575,102.67285168955512,610.8909890961593,apple,green,dog
12.0,477.0,613.0,76.31552912588894,408.92040606613716,658.7772899347509,apple,green,cat
95.0,175.0,965.0,40.83063427594511,350.0819078121769,629.6942003715981,banana,blue,cat
46.0,186.0,644.0,75.92487330608428,249.42192041907276,543.7956487029732,banana,blue,cat
2.0,216.0,525.0,90.3607844346795,120.19557776496316,544.9581224298512,cherry,red,dog
35.0,461.0,635.0,23.276314710128876,350.99462871371173,596.6247076170841,banana,red,cat
,441.0,802.0,80.73960303399514,254.24540514625923,,apple,red,dog
81.0,126.0,731.0,5.909389007825327,474.50685576528764,813.2285098384635,,blue,bird
90.0,412.0,868.0,89.88473881802473,316.79602995590636,,banana,green,cat
8.0,,575.0,65.07685475587473,475.86060451740326,639.8729838845355,banana,red,cat
93.0,233.0,974.0,87.42267241383516,188.19347738932163,665.9991471188825,banana,,bird
26.0,318.0,827.0,0.018839955658189744,390.2903641456413,,cherry,red,bird
74.0,267.0,844.0,,346.89960833949027,935.3169407417453,apple,red,cat
90.0,197.0,801.0,,,879.5434662778192,,red,bird
,367.0,951.0,37.950290337471856,185.8671455890147,863.7646151125475,cherry,red,dog
7.0,336.0,788.0,22.673038292351066,365.9978064951095,742.1955928004246,apple,red,
68.0,408.0,500.0,38.16119398672001,,,apple,green,cat
58.0,493.0,646.0,12.884871200025483,397.1299899625265,776.3811840167916,banana,red,
75.0,,,41.27611292660261,230.8178576607271,608.1252640932645,banana,green,dog
29.0,289.0,,80.23543291592642,456.022810186101,604.2941838705253,,blue,cat
36.0,221.0,,47.90700631033512,133.72052584454013,648.1960034376417,banana,red,bird
,145.0,,,422.8757275164752,955.4013354849067,banana,green,cat
21.0,163.0,803.0,42.14440415792474,444.52785032603634,773.7074201898629,apple,blue,dog
36.0,229.0,568.0,2.717501609084416,,866.9526885009348,apple,blue,cat
10.0,409.0,860.0,96.62434107067982,305.0905577047104,673.2793799082738,banana,blue,cat
73.0,462.0,589.0,12.745395942286898,,703.8578853326126,apple,green,dog
24.0,292.0,945.0,70.76883263306188,498.50491460995073,562.7827893186256,banana,,dog
,406.0,719.0,,191.66878048566485,585.6474789108352,apple,red,cat
99.0,280.0,949.0,,318.75038635041784,913.6782774130728,,green,dog
49.0,391.0,997.0,69.93153751262037,368.27021015293025,792.419315844441,apple,red,dog
99.0,470.0,691.0,83.9460909500767,380.34705434457277,668.7662329419095,apple,,dog
,381.0,953.0,98.17986932606276,181.60986629543146,901.4256044977731,banana,red,dog
82.0,128.0,562.0,62.13444972535296,361.5976369359205,623.2599528189915,cherry,blue,dog
96.0,248.0,,,427.34782659253494,988.0163493001019,apple,,dog
24.0,366.0,660.0,62.82381104632814,120.00743072844489,672.4088038730849,,green,bird
23.0,395.0,668.0,53.2675886761555,464.6085173301266,668.6554770756138,,green,cat
62.0,110.0,,63.50891059097188,111.80162205808237,655.9559527683526,apple,blue,
96.0,263.0,675.0,44.98422079725592,242.38841299535773,561.055757962144,cherry,green,
37.0,212.0,,,,555.5685736660062,apple,red,bird
12.0,286.0,572.0,12.024722651167563,130.85806741583275,824.0525172670617,banana,red,dog
55.0,,744.0,6.834093553226039,464.4673140720316,937.5590222790236,cherry,blue,cat
13.0,331.0,576.0,,241.94433229845913,,banana,green,dog
23.0,326.0,658.0,4.6123564335733835,269.9086121700211,570.5537970106756,apple,blue,dog
89.0,409.0,988.0,56.71707799193856,186.13775255302104,772.7910608960333,cherry,red,dog
99.0,197.0,958.0,28.382844702352028,338.8383080746879,552.79577298832,banana,blue,
30.0,154.0,823.0,82.45348080870322,337.92128587111586,522.6473218065387,banana,,dog
17.0,210.0,597.0,7.424087298838645,248.8801567300877,828.1929296923836,banana,blue,dog
62.0,251.0,,22.635149434148595,233.21394872215936,767.5761668401751,,green,dog
84.0,345.0,601.0,73.02461470901459,453.98572327223513,541.0118426057354,cherry,green,bird
,168.0,993.0,59.88082963834914,253.31369585688054,517.4696232029942,apple,red,
,411.0,631.0,6.449127124916753,297.4003968617633,994.8782067046673,,red,dog
13.0,388.0,601.0,,213.32190496997225,515.010666074536,apple,red,dog
59.0,349.0,518.0,87.72617628261796,,722.2641265250799,cherry,green,bird
19.0,135.0,953.0,,258.97926275963664,,apple,blue,bird
49.0,338.0,981.0,,,558.6400739002225,apple,green,bird
12.0,247.0,581.0,98.90283583501738,,584.5308892198582,apple,red,dog
61.0,326.0,896.0,,,675.9025032051762,apple,red,cat
19.0,343.0,988.0,53.13165205680591,216.59829636948916,880.8379381068313,banana,blue,
76.0,436.0,778.0,,408.29701236222064,753.5412120301334,apple,red,cat
9.0,464.0,838.0,28.529033835731642,270.99826014270366,818.9509372764808,banana,red,cat
71.0,300.0,864.0,,182.48696203365597,,apple,red,dog
28.0,253.0,830.0,,419.8875055859445,884.0027176566048,cherry,blue,
78.0,172.0,,78.91608465887315,233.44271561161727,717.1807490706088,banana,,bird
,,843.0,57.3349345635218,446.0773389591244,723.2209608982744,banana,red,bird
52.0,395.0,809.0,65.88250701400705,466.1028739671292,,banana,blue,cat
83.0,,954.0,25.230724983940654,443.9295341565104,,banana,red,bird
16.0,228.0,588.0,22.02253013773151,,750.3554629183357,cherry,blue,dog
69.0,316.0,712.0,48.83746289829387,414.9493380020422,822.43061140749,apple,red,cat
99.0,160.0,642.0,,264.5357865996575,511.7662472070494,banana,blue,cat
12.0,203.0,564.0,52.523975752016014,449.48916807289004,714.8114319484221,cherry,red,dog
25.0,,575.0,3.2645677545668605,355.1817050738955,639.4690380367383,banana,green,bird
52.0,124.0,698.0,86.85515063202888,433.45725365758335,564.5872226215552,apple,red,dog
,138.0,642.0,6.468689351513158,299.77270794673416,549.7732564043876,banana,blue,dog
53.0,390.0,904.0,,314.01020183957314,801.5960828073337,cherry,red,bird
23.0,230.0,902.0,2.5141958277272725,,761.8002735763059,apple,green,dog
,328.0,815.0,69.44504561307087,413.5949434757422,626.7920584981846,cherry,red,bird
57.0,207.0,592.0,8.220706371178165,267.7558446667887,,apple,blue,
39.0,271.0,972.0,,300.0320473086331,746.1161575912041,apple,blue,dog
53.0,201.0,916.0,46.443323622554274,414.03908563828304,597.5044902193079,apple,green,
,,,13.752377481701538,339.5381600317756,826.0465309408253,banana,blue,dog
,111.0,723.0,34.08156997898466,180.43949097706698,890.4596781930452,cherry,red,bird
39.0,374.0,996.0,16.482467534676204,336.0930636603571,895.7317704447595,cherry,red,cat
14.0,200.0,790.0,17.058191155709,,801.2349153517275,cherry,red,bird
95.0,143.0,927.0,94.81083201714422,287.8102168175451,,apple,blue,bird
5.0,404.0,601.0,44.52461122847882,111.32450976106712,530.5035715026975,banana,red,dog
35.0,116.0,973.0,78.88022639053595,184.01173980651265,643.9156494258029,,red,bird
87.0,429.0,766.0,63.960556117768185,212.4152325524113,546.635723389085,cherry,red,cat
93.0,156.0,854.0,67.64263623383923,385.1840031435223,981.9115804392368,banana,green,cat
75.0,410.0,955.0,13.169343847203852,104.59698931924612,,banana,blue,bird
18.0,402.0,609.0,23.418444681548568,263.5109044916528,575.887704925551,banana,blue,bird
76.0,,961.0,78.67503351544369,469.61074817029316,944.7883091652461,cherry,blue,cat
9.0,417.0,829.0,,144.75224661964955,971.9641417382289,banana,green,dog
74.0,179.0,949.0,26.26756425986517,306.5697552874444,882.914519617455,banana,blue,cat
58.0,315.0,929.0,,414.60895295633884,502.7024618363349,apple,green,cat
17.0,438.0,764.0,47.289713281090485,477.0125230080467,500.67313547828184,apple,green,
7.0,363.0,502.0,98.38403128554378,398.71065581348716,689.0503848937253,banana,blue,bird
46.0,248.0,584.0,26.895894582647106,,571.6976850054463,banana,red,cat
13.0,180.0,781.0,40.69719096342639,430.595236078305,509.1930710757986,apple,red,dog
40.0,314.0,827.0,89.14800156235067,278.4804883910175,732.0333447022524,apple,blue,cat
42.0,,803.0,0.29210326213620075,422.33781304713324,971.5309487034858,apple,blue,cat
9.0,297.0,949.0,3.9765964988569547,103.18576189818044,661.9097874512157,cherry,green,
50.0,299.0,,60.40716770712192,469.82442215072194,830.5703392143482,,blue,cat
27.0,124.0,911.0,90.7380164712847,277.3226038068701,,apple,green,cat
66.0,188.0,616.0,,321.35207514629906,625.5400518325839,banana,blue,
5.0,367.0,720.0,46.9641774680709,201.95289956595292,825.2126244119322,apple,red,dog
29.0,242.0,653.0,45.04653016578183,397.0123331361686,606.1669871434457,cherry,red,bird
37.0,158.0,652.0,47.297134609551016,130.65432259009953,561.0037067884446,banana,blue,bird
38.0,464.0,511.0,62.25196957297452,449.05432101873413,850.6916427798451,cherry,green,dog
,125.0,632.0,,431.2467316025371,,banana,red,dog
8.0,146.0,981.0,44.74681413224578,186.42404649790655,998.4546092946777,cherry,green,cat
65.0,387.0,803.0,47.42884204312605,,591.7262005751147,banana,blue,bird
,365.0,792.0,59.086744127104154,414.5430932245926,797.0709313782288,banana,blue,dog
17.0,115.0,962.0,53.70074883513583,352.8866391015796,705.6872857062947,banana,red,bird
71.0,298.0,799.0,85.41359976505044,249.40807075987502,563.1932112028336,banana,blue,bird
89.0,,,4.9496853493666615,208.59950167274715,513.9219537887067,cherry,red,dog
45.0,185.0,770.0,83.33170714730124,192.71343611574002,811.3661411464166,,,cat
4.0,349.0,542.0,84.3924612611724,227.44358510544288,903.3787818945631,banana,red,bird
36.0,490.0,931.0,28.490802153096084,461.42337737301216,921.007830753372,banana,red,dog
70.0,369.0,842.0,46.285195501585065,131.05631039551253,741.3567365384672,cherry,green,
31.0,434.0,825.0,43.85384885374355,431.54851050118344,888.7277335911928,,red,bird
19.0,216.0,801.0,21.850983435413028,239.55603001672944,836.4235667442724,banana,red,dog
,106.0,997.0,39.67968470863165,308.6397584045433,862.1272637495666,banana,blue,bird
54.0,236.0,863.0,4.438777217085443,417.79425345939626,746.299502610907,apple,green,dog
39.0,470.0,878.0,27.782207278173445,453.7506188091885,816.7058701210635,banana,red,dog
91.0,275.0,926.0,81.66821754507181,237.9125680290588,902.7629567880285,apple,green,bird
,427.0,992.0,28.456230176289754,,,banana,green,bird
90.0,414.0,520.0,,265.8064259267169,902.989450433792,cherry,red,
19.0,314.0,906.0,53.15994646044309,105.30041340156421,796.0084213945314,apple,blue,cat
39.0,181.0,606.0,87.98626773611599,,,apple,green,
67.0,322.0,835.0,57.47795542644152,283.6756934930247,512.3420786122923,banana,red,dog
45.0,471.0,802.0,2.966822306473982,264.4374435521759,681.376800199576,banana,green,dog
13.0,202.0,616.0,,388.7716910062718,773.3481641481699,apple,blue,cat
92.0,372.0,,4.485356802356866,253.9214468884413,919.9101761017441,cherry,blue,cat
58.0,113.0,898.0,45.0597018983134,,563.7428400701231,cherry,blue,cat
20.0,258.0,780.0,,271.84343685294533,,banana,red,bird
92.0,251.0,791.0,,396.25045955774823,931.5045230336134,cherry,,dog
72.0,207.0,702.0,38.98723529415441,445.188959594785,,cherry,blue,dog
61.0,287.0,550.0,72.98603088484784,312.75563160300567,925.7971596521095,,red,dog
39.0,400.0,770.0,88.22585560948475,415.7728776780765,995.726783921396,cherry,blue,cat
1.0,197.0,823.0,67.09430047425079,218.71467280794025,863.4194155241188,banana,red,
3.0,230.0,776.0,25.81732541911692,316.5478440629075,892.3848409124939,apple,blue,bird
77.0,392.0,640.0,67.46078529162162,238.09198146798897,997.2076337794367,,green,cat
92.0,270.0,969.0,29.672764110409,265.68037022873216,802.7406252629727,apple,blue,
62.0,282.0,,71.84292298187353,392.96554592506743,653.9431910081247,apple,blue,cat
63.0,463.0,789.0,95.40331275850406,452.6649929330851,918.7654170380279,cherry,red,
25.0,138.0,,72.13934511062882,148.59815643510615,807.2428887558156,cherry,red,bird
56.0,114.0,880.0,,353.85570259495216,790.5977118604783,cherry,red,dog
33.0,475.0,951.0,0.2103843175883413,332.8575230311194,626.8177777570191,banana,,bird
,103.0,,71.75721247315944,147.36601567037275,878.1671347914432,cherry,red,dog
6.0,,872.0,,184.75773217604365,540.8336379300481,apple,red,bird
58.0,,551.0,4.055873754468142,224.4009978930721,,cherry,green,cat
44.0,309.0,993.0,87.15977272882306,166.77242832700057,662.9117303852424,cherry,blue,cat
45.0,260.0,526.0,25.669422831004585,197.4917930097367,563.8873263949952,banana,blue,bird
32.0,115.0,656.0,66.52921019780553,207.040319544683,721.1832665512094,banana,blue,
45.0,207.0,738.0,80.03548790234066,234.26953321562385,521.2349546282666,apple,green,
61.0,,,,399.7561811204636,842.3130971324831,banana,,bird
47.0,410.0,790.0,,,951.3527552226781,cherry,green,bird
21.0,,635.0,59.63215188603683,494.4986687805606,918.6315035692544,banana,green,dog
80.0,,643.0,,265.8943307869884,563.6847367239405,apple,,dog
,133.0,605.0,90.03212680742715,401.54602953477,563.1355685538659,cherry,,dog
,350.0,919.0,40.42397296442092,448.5873685506135,906.717241162132,apple,green,bird
36.0,346.0,657.0,32.108109708705015,,,banana,,dog
99.0,368.0,645.0,74.98507644364662,264.74589616699836,730.3349149167445,banana,blue,cat
19.0,,501.0,41.267532608339664,401.43785229830115,749.4855584568829,apple,red,cat
,373.0,932.0,64.6096175005063,181.46685510907395,659.1310206928629,cherry,red,cat
57.0,195.0,576.0,64.64500901246069,231.02086607205297,947.132559128207,,green,bird
18.0,326.0,631.0,88.80390643601179,318.67410203971554,822.451452646178,banana,green,cat
47.0,478.0,589.0,59.869240231909735,330.16375491445933,644.1257885836842,cherry,blue,bird
49.0,,844.0,50.21536099619869,108.85659018905179,649.3914355271259,banana,green,bird
14.0,401.0,849.0,13.8871326396517,478.04567550240347,945.6000365318012,apple,green,cat
15.0,128.0,958.0,11.573760667870536,378.650908486956,,banana,blue,dog
31.0,417.0,762.0,15.432156528307939,298.28150009275646,661.3632863633192,banana,green,bird
1.0,344.0,850.0,17.18484813270945,473.25089376332335,,cherry,green,cat
54.0,335.0,607.0,63.78770926636339,275.6382261003314,574.1087310496623,apple,blue,bird
,,573.0,74.09812502745785,492.1742281081487,546.0493770997949,cherry,blue,dog
16.0,371.0,538.0,52.999152292641874,304.91390289739405,907.63816554528,banana,red,dog
87.0,335.0,896.0,82.9017732545491,145.7143079991918,947.2021943242537,banana,blue,cat
57.0,338.0,658.0,99.12632267336332,405.9203889837109,,cherry,red,bird
75.0,476.0,570.0,82.0012629119356,371.5590900311362,949.3939448686738,cherry,green,bird
12.0,365.0,946.0,69.48823736759591,409.1946885222347,776.5559855291858,cherry,blue,bird
74.0,458.0,811.0,53.24926994371466,480.5768114902724,906.129060495171,apple,blue,
96.0,439.0,740.0,44.88530716747082,410.59572106040724,692.0213191955502,banana,,cat
16.0,488.0,925.0,8.439238054454234,344.53464088665874,833.1339307395192,,green,dog
72.0,164.0,944.0,,442.9235609443364,994.4177656945822,,red,cat
76.0,276.0,797.0,91.01346367821343,369.2985757418126,612.8638619195638,apple,green,bird
24.0,102.0,939.0,80.8022629906553,263.24762273036924,694.9498731455403,apple,green,bird
28.0,241.0,535.0,21.60513650116872,454.2479056967093,740.0236886550429,apple,blue,dog
8.0,475.0,583.0,,188.76018431374916,569.0077435100259,apple,red,
92.0,257.0,951.0,,385.85650996348966,540.5193052325284,,green,cat
36.0,423.0,873.0,6.738455478552252,452.6253819763028,914.8614331608122,apple,blue,cat
90.0,245.0,762.0,38.73925856686593,392.5266078813185,988.3971864137932,,green,dog
8.0,392.0,809.0,85.18412368739476,378.91016762154277,702.3625319148293,cherry,green,cat
58.0,252.0,884.0,40.389786417012374,401.05531762873443,543.8249180973266,apple,blue,cat
60.0,292.0,671.0,,286.0220993202578,532.9058803452882,cherry,blue,cat
50.0,172.0,875.0,54.253436853225146,449.6682728628104,945.6591031801493,apple,red,cat
28.0,,672.0,86.17424949182954,181.37459005443648,731.90712486384,,green,bird
92.0,,861.0,59.02855429531597,150.95456640013572,660.013658281196,cherry,blue,cat
41.0,476.0,546.0,22.627910821423182,,738.2306356196998,,blue,dog
64.0,443.0,878.0,,,659.1520473461737,banana,red,dog
27.0,239.0,640.0,45.01233611819322,304.22471816373525,744.51788765381,banana,red,cat
63.0,286.0,874.0,57.92663538205268,428.23950307063467,929.7781984589684,apple,blue,dog
17.0,392.0,905.0,75.93510257526131,261.8274625616069,796.1506855310479,banana,red,cat
73.0,160.0,617.0,9.88736176406354,293.73777051660346,847.3268864050876,,,dog
33.0,479.0,776.0,88.96520330175663,105.34707330375825,,apple,green,
84.0,297.0,713.0,1.230970301607559,263.8956945771756,869.2529392552594,apple,red,cat
77.0,394.0,719.0,37.005233467425526,359.10969318013684,833.3085424396861,cherry,green,cat
92.0,418.0,892.0,2.7420309972657653,106.20333225063688,559.7809988760282,cherry,green,bird
29.0,401.0,525.0,39.297422534529126,212.3527860744975,786.3214265577923,cherry,green,cat
13.0,,508.0,52.58125988733238,183.18254371575597,,apple,blue,cat
46.0,,770.0,51.16813865815117,116.79417156383529,902.0478348167965,cherry,green,bird
35.0,161.0,,16.562834702826535,,,cherry,green,cat
6.0,432.0,971.0,64.57405100956123,,997.3420825982436,banana,green,cat
82.0,325.0,877.0,4.477845050466822,397.23261585255204,546.2502189694819,banana,blue,bird
69.0,252.0,620.0,76.19068201324154,439.1711535053394,890.1739313700793,apple,green,cat
47.0,298.0,,,318.2340730676591,,,green,cat
25.0,151.0,669.0,33.97688271511179,492.68293700845663,883.7494152953527,banana,red,bird
66.0,359.0,571.0,51.72393817143319,280.1914285882381,653.7648977452282,cherry,,bird
10.0,158.0,,37.891027805881436,,746.0272446912003,cherry,green,dog
56.0,171.0,,0.6710390304059954,495.68710158310006,898.2542598618543,banana,red,cat
30.0,247.0,548.0,38.587450289511594,192.61937438601953,616.2706658104275,banana,blue,dog
5.0,448.0,653.0,79.17202592613465,477.0183758707621,,banana,blue,dog
33.0,162.0,846.0,59.59888421834818,117.1350220476453,775.5254766474661,apple,blue,bird
65.0,409.0,,10.125991461515893,278.5547561052779,761.7817897649279,,blue,
18.0,472.0,567.0,84.7139489693785,128.00140485322632,641.1312352064664,,blue,cat
96.0,342.0,549.0,53.108534488524285,391.6938971654572,649.0378252624114,banana,blue,bird
49.0,465.0,651.0,84.17233617446762,343.3635743520071,638.9225816032828,banana,green,dog
11.0,429.0,518.0,58.02215187850294,382.65370538703854,885.7560309992439,apple,green,bird
85.0,206.0,599.0,55.96884448379399,249.7921599872068,825.9504327812303,apple,green,cat
,325.0,559.0,10.52591851970124,247.7927736125521,916.2085917051263,banana,green,bird
,412.0,666.0,16.735973313862797,118.12771158435784,987.7365141570109,cherry,red,cat
,317.0,701.0,97.20252564965911,239.9779758118559,737.0821481359932,apple,green,dog
86.0,340.0,844.0,,471.7153609048238,,banana,blue,cat
59.0,358.0,645.0,97.7452117990368,,524.0461552060177,banana,green,dog
,475.0,902.0,53.19127065242634,432.54708248878796,647.8325196358096,cherry,green,dog
49.0,361.0,663.0,,436.9302018999736,966.2722946762254,banana,,cat
77.0,104.0,957.0,9.930220275369294,249.29646255169354,761.6065274854375,banana,green,cat
33.0,360.0,980.0,20.886407070574,352.7954721584756,635.8932580400646,apple,green,dog
98.0,153.0,938.0,92.56373300253358,138.14864090922345,699.5833972555098,apple,green,bird
99.0,146.0,741.0,41.41502243282268,141.4714322937106,799.2975537023353,cherry,red,
1.0,314.0,,39.54342679929144,,826.474829068921,cherry,green,dog
21.0,276.0,674.0,31.320626107017404,332.4060373500438,576.9597548914526,banana,blue,dog
55.0,108.0,,14.706185056658839,270.4283910504388,988.515838272588,apple,blue,bird
6.0,198.0,982.0,48.78511971924064,319.212942665696,772.3861134913943,cherry,green,cat
92.0,119.0,,13.00477825111387,308.42927620335513,567.8441588961397,cherry,,dog
81.0,477.0,725.0,83.54802363823276,240.08119643629212,946.8176266730668,cherry,green,bird
69.0,340.0,,,370.9893659293892,537.3192155397144,banana,blue,dog
95.0,160.0,618.0,,403.4007523665563,953.8677165887564,apple,blue,cat
5.0,478.0,648.0,47.40064284831559,105.85130355107029,998.2828281444912,cherry,red,bird
3.0,277.0,964.0,44.41277131657516,182.8969199075513,850.215899578252,apple,red,dog
53.0,437.0,649.0,99.48579730593215,385.29434723333475,885.2236105369949,cherry,red,bird
23.0,161.0,931.0,54.53811212183025,,668.6514182337432,cherry,,cat
53.0,244.0,792.0,8.820170378987068,364.9935787766433,970.7884263669669,apple,red,bird
37.0,315.0,642.0,60.687734157692994,,,apple,green,cat
74.0,102.0,918.0,15.158429286987996,256.30206093185484,866.1942232987774,apple,green,dog
74.0,259.0,975.0,3.0937644731341973,163.47154947587399,962.0538579556397,banana,blue,
83.0,326.0,954.0,,203.292407866464,987.5899879877542,cherry,red,dog
17.0,368.0,659.0,77.3538891534564,342.1647030030349,916.6021782983371,banana,green,dog
85.0,219.0,510.0,98.01089924137669,,651.508753491015,apple,blue,cat
78.0,480.0,637.0,47.78784480222424,409.72107317783804,983.2737582760412,,,dog
,188.0,956.0,53.225753114897614,441.0339819753371,814.0597656217859,banana,green,bird
,428.0,577.0,16.833695591913024,316.65856728670394,,cherry,red,dog
51.0,167.0,576.0,24.69074266675856,403.30691682242366,838.0525129071759,banana,blue,cat
45.0,497.0,940.0,83.85492149028282,222.761805277828,653.6194809238602,apple,,bird
77.0,456.0,753.0,35.61856471175942,265.98848616003124,,banana,blue,
4.0,197.0,,82.6814973796419,385.1110704867324,775.2358885514702,,red,dog
62.0,366.0,,70.90137242870318,254.48479712681228,895.007420779941,cherry,green,
65.0,204.0,819.0,17.71709252718655,335.4019740635955,658.9912756701674,cherry,blue,cat
,,790.0,50.744636611974215,174.1491116330046,789.865583067096,cherry,blue,bird
34.0,222.0,762.0,67.73873215187169,339.9085259881992,672.8124967882007,apple,blue,cat
92.0,128.0,584.0,23.50372148038251,444.60548289075746,907.8847023175535,banana,red,dog
95.0,236.0,645.0,83.06885105200769,447.4558559293703,733.3640468839752,apple,red,bird
72.0,294.0,822.0,54.48276575451868,,538.3614134264426,,green,cat
39.0,325.0,541.0,16.52420504426032,398.3013516304504,583.0262607407682,apple,,cat
26.0,431.0,873.0,58.29844261646024,323.1709780602803,,,blue,cat
34.0,269.0,624.0,99.9713804155914,333.8672360663299,749.6514730071626,cherry,red,cat
54.0,108.0,666.0,15.052149166341355,153.46023256420722,553.1686486741136,cherry,red,cat
3.0,139.0,924.0,81.67569301195282,277.54367536852044,557.069984654816,banana,green,bird
50.0,124.0,740.0,20.730900318755797,280.31051355454554,970.5241300191885,cherry,green,cat
12.0,360.0,958.0,78.23883294600873,,936.3275360880277,,red,bird
65.0,494.0,986.0,73.45779231214132,272.4347450493158,726.043298405683,cherry,blue,cat
54.0,325.0,779.0,30.048938560043236,319.73705796110306,992.9026604251029,cherry,green,dog
5.0,,687.0,32.58231175644498,313.300559711641,500.09326408533155,,red,dog
,137.0,801.0,79.25213919629192,354.7046868177309,806.9897281366968,apple,red,cat
94.0,427.0,518.0,46.14455118873126,399.29313253275836,808.214088685935,apple,blue,dog
,350.0,567.0,73.08180287118088,190.01675046834885,728.7215279349441,banana,red,bird
17.0,488.0,717.0,14.798414736583476,,698.4739864671465,banana,red,cat
47.0,275.0,601.0,85.25577819015535,430.3670829264122,727.6915677403038,cherry,green,bird
23.0,189.0,541.0,71.08847166823192,285.2458855350046,707.4802180398402,banana,red,cat
79.0,136.0,787.0,90.69428088348339,211.3830185494292,,cherry,red,dog
85.0,415.0,666.0,13.237237903497245,361.8836301425196,567.677717486642,banana,green,bird
14.0,275.0,608.0,59.30145003605977,,598.8196102955651,banana,,dog
,383.0,993.0,,125.25611717095653,590.2591141962118,banana,blue,dog
,180.0,535.0,35.34607405467825,410.71619336289086,631.2352925606323,apple,green,cat
51.0,213.0,,45.84664245692578,428.6591731847085,762.6292093907916,,green,bird
38.0,139.0,728.0,3.798156328985347,284.6091710354427,555.6043736691093,apple,blue,dog
64.0,400.0,852.0,74.5860038627012,493.32226272738694,934.0846476632521,apple,blue,
98.0,,663.0,54.9322479403174,414.6833362829236,648.6807656542362,,blue,cat
38.0,417.0,886.0,5.774105186917378,409.4650259582663,581.2689937343539,,blue,cat
50.0,448.0,572.0,68.07558929604855,399.1354297648287,837.8106547991217,cherry,blue,dog
98.0,214.0,635.0,46.67820772311879,160.24324128730962,519.0431502996596,cherry,green,
82.0,285.0,852.0,3.4461259425,186.89235458120433,809.9842824370821,banana,red,bird
,422.0,878.0,96.96077268480954,285.59605258577,849.0992153382499,cherry,blue,bird
79.0,155.0,569.0,94.91121430894405,205.60173998378633,607.4582656933596,apple,blue,dog
91.0,139.0,924.0,51.290241614719754,,520.9820367218172,cherry,red,bird
51.0,453.0,986.0,9.36724207059102,455.38564396916826,681.8226794597248,banana,red,cat
63.0,139.0,695.0,75.46212215985918,429.7307567517077,549.2971151209682,cherry,,dog
98.0,446.0,768.0,49.1931100105729,,558.2389248366685,apple,red,cat
52.0,336.0,548.0,30.24474782893799,443.2481577004414,627.1306157224323,banana,red,dog
38.0,388.0,815.0,49.14181775285568,413.5089556068997,647.7339623133796,cherry,,dog
97.0,361.0,629.0,52.244414540546444,,764.9851705107103,banana,green,cat
88.0,,943.0,56.27116990223392,180.42606081997803,839.1959427515065,banana,red,bird
79.0,246.0,504.0,44.12237136553265,305.6804160037357,796.3854704350924,banana,red,bird
30.0,435.0,927.0,60.575530313905666,394.49155301142,574.1801686447584,,green,dog
51.0,267.0,526.0,91.87347106063774,274.5678394918372,586.0430162263132,banana,red,cat
81.0,191.0,,,366.70876391355887,939.3846248964572,cherry,blue,cat
5.0,452.0,,72.5716463219949,137.73097051641744,779.1761575320568,apple,blue,
29.0,158.0,763.0,89.44525568242322,399.20189454856137,934.9689164488445,cherry,red,bird
4.0,158.0,729.0,45.597927575993694,425.0854479572248,685.7732556599371,apple,green,cat
10.0,403.0,699.0,44.34558363819041,382.73514231221645,807.200003715662,cherry,blue,bird
,268.0,549.0,60.21169853547795,486.9054350105462,761.8317080273054,banana,green,bird
17.0,368.0,566.0,59.14067594224881,430.6608229842562,659.5617449102313,cherry,blue,dog
74.0,462.0,,80.6589342326277,461.2374911506153,734.9576860167977,banana,red,dog
17.0,144.0,880.0,47.64833837782927,473.4284333830592,751.245438413466,apple,green,bird
84.0,444.0,557.0,99.61229496394411,420.5391967495234,600.3854873783393,cherry,green,cat
88.0,,758.0,5.947156886728077,369.7035368025996,657.5051861883658,banana,green,cat
69.0,269.0,841.0,0.31678485807017376,102.28743254431572,895.7048752534878,apple,blue,dog
34.0,455.0,825.0,64.01983115596238,286.33030128924986,957.8941197270635,apple,blue,bird
6.0,290.0,629.0,29.84349123618767,328.46491944894444,679.8970467726497,cherry,blue,
53.0,254.0,714.0,24.03823886994838,221.61210897919983,653.4861411045091,,red,cat
66.0,287.0,671.0,31.189908000428048,227.24177876138884,597.5985822859412,banana,blue,dog
77.0,,757.0,,484.4637662840661,839.2455843252906,,red,bird
43.0,232.0,601.0,3.079004966044785,,,apple,green,cat
75.0,334.0,708.0,,439.67160220068166,993.8747695495942,banana,green,dog
23.0,144.0,790.0,22.074548845278173,262.40472068244424,662.8424010319766,apple,red,cat
55.0,413.0,,73.40297625893064,105.47942016356582,697.0680233913141,,blue,cat
,348.0,970.0,76.25963946941752,132.08889858228562,801.6670981060174,apple,,cat
95.0,130.0,785.0,92.92573980072292,224.87854728704147,900.8421465956525,apple,green,dog
75.0,122.0,615.0,,106.29716519827079,734.7593326728169,banana,green,bird
16.0,493.0,763.0,87.20483384470077,106.85991276607925,711.3280168944791,apple,red,
8.0,259.0,649.0,52.722618083980024,466.6413206569644,997.8189167974042,banana,blue,bird
4.0,462.0,799.0,63.25441099658279,382.46340084762164,505.2468205699722,apple,blue,cat
